ENTITY_CD,ENTITY_NAME,YEAR,total_enrollment,PER_ECDIS,PER_BLACK,PER_HISP,PER_WHITE,PER_ASIAN,PER_ELL,PER_SWD,PER_FREE_LUNCH,PER_REDUCED_LUNCH,ATTENDANCE_RATE,PER_SUSPENSIONS,county,graduation_rate,dropout_rate,cohort_size
1,NYC Public Schools,2023,797844,75,20,42,16,19,16,24,73,3,,,NYC,,,
1,High Need/Resource Category: New York City Districts,2024,794626,78,19,43,15,19,17,23,75,3,,,NYC,,,
1,NYC Public Schools,2022,818129,75,21,42,16,19,17,23,71,3,,,NYC,,,
280100010000,GLEN COVE CITY SD,2023,3063,64,7,66,22,3,22,19,55,5,90.0,6.0,NASSAU,87.16666666666667,7.666666666666667,1574.0
280201030000,HEMPSTEAD UFSD,2023,5502,68,20,78,0,1,45,11,62,5,85.0,6.0,NASSAU,85.83333333333333,4.0,2522.0
280100010000,GLEN COVE CITY SD,2024,3082,63,7,67,21,3,22,19,53,5,91.0,5.0,NASSAU,87.16666666666667,7.666666666666667,1574.0
280202030000,UNIONDALE UFSD,2023,5776,70,33,65,1,1,24,15,62,2,89.0,4.0,NASSAU,88.33333333333333,6.333333333333333,3258.0
280201030000,HEMPSTEAD UFSD,2024,5738,70,21,77,0,2,45,12,63,7,85.0,5.0,NASSAU,85.83333333333333,4.0,2522.0
280203030000,EAST MEADOW UFSD,2023,7646,28,5,24,40,29,5,13,24,3,96.0,3.0,NASSAU,97.0,1.3333333333333333,3470.0
280202030000,UNIONDALE UFSD,2024,5756,65,31,66,1,1,25,15,60,3,90.0,3.0,NASSAU,88.33333333333333,6.333333333333333,3258.0
280204020000,NORTH BELLMORE UFSD,2023,2030,15,3,18,64,11,3,17,13,2,94.0,0.0,NASSAU,,,
280203030000,EAST MEADOW UFSD,2024,7743,30,5,25,38,30,5,13,25,1,95.0,2.0,NASSAU,97.0,1.3333333333333333,3470.0
280205030000,LEVITTOWN UFSD,2023,7091,23,1,23,57,16,4,13,18,3,94.0,2.0,NASSAU,97.58333333333333,0.5,3374.0
280206030000,SEAFORD UFSD,2023,2181,14,1,10,84,3,1,14,12,1,95.0,3.0,NASSAU,98.0,0.0,1026.0
280204020000,NORTH BELLMORE UFSD,2024,2094,18,4,20,61,12,4,18,15,2,95.0,1.0,NASSAU,,,
280207020000,BELLMORE UFSD,2023,974,14,2,13,72,11,4,22,13,1,94.0,1.0,NASSAU,,,
280205030000,LEVITTOWN UFSD,2024,7083,23,2,24,55,18,5,15,18,3,94.0,1.0,NASSAU,97.58333333333333,0.5,3374.0
280208030000,ROOSEVELT UFSD,2023,2947,66,38,60,0,1,29,13,59,1,89.0,7.0,NASSAU,84.66666666666667,10.333333333333334,1550.0
280206030000,SEAFORD UFSD,2024,2174,14,1,11,83,4,2,14,11,1,95.0,2.0,NASSAU,98.0,0.0,1026.0
280209030000,FREEPORT UFSD,2023,6342,66,21,71,4,1,23,16,62,4,93.0,6.0,NASSAU,88.83333333333333,0.6666666666666666,3088.0
280207020000,BELLMORE UFSD,2024,1029,17,2,14,71,11,3,24,14,2,95.0,0.0,NASSAU,,,
280208030000,ROOSEVELT UFSD,2024,2884,73,37,61,0,1,28,13,65,2,91.0,2.0,NASSAU,84.66666666666667,10.333333333333334,1550.0
280210030000,BALDWIN UFSD,2023,4357,45,48,33,9,5,5,18,37,4,94.0,5.0,NASSAU,98.33333333333333,0.0,2196.0
280211030000,OCEANSIDE UFSD,2023,5299,19,3,25,64,5,5,14,15,1,94.0,2.0,NASSAU,91.25,0.3333333333333333,2686.0
280209030000,FREEPORT UFSD,2024,6206,64,21,71,4,1,23,16,57,5,93.0,6.0,NASSAU,88.83333333333333,0.6666666666666666,3088.0
280210030000,BALDWIN UFSD,2024,4341,46,48,34,9,6,6,18,39,5,95.0,3.0,NASSAU,98.33333333333333,0.0,2196.0
280212030000,MALVERNE UFSD,2023,1797,42,43,28,18,9,2,15,32,7,94.0,3.0,NASSAU,97.33333333333333,0.3333333333333333,860.0
280213020000,VALLEY STREAM 13 UFSD,2023,1896,44,19,28,21,29,7,16,34,3,93.0,2.0,NASSAU,,,
280211030000,OCEANSIDE UFSD,2024,5266,20,3,25,63,5,5,16,16,1,100.0,2.0,NASSAU,91.25,0.3333333333333333,2686.0
280214030000,HEWLETT-WOODMERE UFSD,2023,2744,30,9,19,58,10,4,18,24,2,94.0,2.0,NASSAU,95.33333333333333,1.6666666666666667,1458.0
280215030000,LAWRENCE UFSD,2023,2262,76,14,72,10,3,25,17,74,2,89.0,5.0,NASSAU,88.33333333333333,6.333333333333333,1134.0
280212030000,MALVERNE UFSD,2024,1817,32,41,29,18,9,2,15,26,4,95.0,2.0,NASSAU,97.33333333333333,0.3333333333333333,860.0
280216020000,ELMONT UFSD,2023,3136,59,35,31,5,26,12,15,46,5,92.0,1.0,NASSAU,,,
280213020000,VALLEY STREAM 13 UFSD,2024,1896,43,20,28,19,31,7,18,36,3,93.0,2.0,NASSAU,,,
280217020000,FRANKLIN SQUARE UFSD,2023,1780,22,3,25,54,16,4,15,16,1,93.0,0.0,NASSAU,,,
280214030000,HEWLETT-WOODMERE UFSD,2024,2698,32,10,20,57,11,4,19,28,3,95.0,1.0,NASSAU,95.33333333333333,1.6666666666666667,1458.0
280218030000,GARDEN CITY UFSD,2023,3918,4,1,7,79,11,1,13,3,0,95.0,1.0,NASSAU,99.66666666666667,0.0,1738.0
280215030000,LAWRENCE UFSD,2024,2198,82,12,74,8,3,28,16,74,3,91.0,4.0,NASSAU,88.33333333333333,6.333333333333333,1134.0
280219030000,EAST ROCKAWAY UFSD,2023,1151,27,4,30,55,5,4,16,0,0,93.0,3.0,NASSAU,96.33333333333333,3.0,550.0
280216020000,ELMONT UFSD,2024,3137,59,34,31,5,27,12,17,51,5,93.0,1.0,NASSAU,,,
280220030000,LYNBROOK UFSD,2023,2746,18,6,20,63,7,2,16,13,0,95.0,1.0,NASSAU,98.83333333333333,0.3333333333333333,1296.0
280217020000,FRANKLIN SQUARE UFSD,2024,1788,26,3,26,52,17,4,16,22,2,94.0,1.0,NASSAU,,,
280221030000,ROCKVILLE CENTRE UFSD,2023,3382,15,6,16,71,3,1,15,12,1,94.0,2.0,NASSAU,99.33333333333333,0.3333333333333333,1574.0
280218030000,GARDEN CITY UFSD,2024,3939,4,1,7,77,12,1,13,4,0,96.0,0.0,NASSAU,99.66666666666667,0.0,1738.0
280222020000,FLORAL PARK-BELLEROSE UFSD,2023,1457,19,3,20,50,22,4,17,14,1,97.0,0.0,NASSAU,,,
280219030000,EAST ROCKAWAY UFSD,2024,1132,35,4,32,53,6,4,17,27,3,94.0,3.0,NASSAU,96.33333333333333,3.0,550.0
280220030000,LYNBROOK UFSD,2024,2727,19,7,21,62,7,2,16,15,1,95.0,2.0,NASSAU,98.83333333333333,0.3333333333333333,1296.0
280223030000,WANTAGH UFSD,2023,2761,9,1,9,84,3,1,16,8,0,94.0,1.0,NASSAU,99.16666666666667,0.0,1238.0
280224020000,VALLEY STREAM 24 UFSD,2023,1022,43,23,44,13,17,10,12,38,3,93.0,1.0,NASSAU,,,
280221030000,ROCKVILLE CENTRE UFSD,2024,3319,17,7,17,70,3,1,16,14,1,94.0,1.0,NASSAU,99.33333333333333,0.3333333333333333,1574.0
280225020000,MERRICK UFSD,2023,1591,9,3,10,80,6,2,14,7,0,95.0,0.0,NASSAU,,,
280226030000,ISLAND TREES UFSD,2023,2182,33,1,25,52,20,5,9,25,4,94.0,3.0,NASSAU,98.33333333333333,1.3333333333333333,1118.0
280222020000,FLORAL PARK-BELLEROSE UFSD,2024,1435,21,2,21,50,21,4,19,17,2,97.0,0.0,NASSAU,,,
280227030000,WEST HEMPSTEAD UFSD,2023,1548,53,20,49,19,9,9,20,42,7,93.0,5.0,NASSAU,96.33333333333333,1.3333333333333333,890.0
280223030000,WANTAGH UFSD,2024,2731,10,1,10,83,3,1,17,9,0,95.0,2.0,NASSAU,99.16666666666667,0.0,1238.0
280229020000,NORTH MERRICK UFSD,2023,1213,12,3,17,69,9,4,18,9,1,95.0,0.0,NASSAU,,,
280224020000,VALLEY STREAM 24 UFSD,2024,1054,45,24,43,11,19,11,12,39,3,94.0,0.0,NASSAU,,,
280230020000,VALLEY STREAM 30 UFSD,2023,1342,53,33,28,6,30,10,11,41,3,93.0,0.0,NASSAU,,,
280225020000,MERRICK UFSD,2024,1594,9,3,11,78,6,3,14,9,0,94.0,1.0,NASSAU,,,
280231020000,ISLAND PARK UFSD,2023,626,44,4,41,49,4,7,14,37,5,93.0,3.0,NASSAU,,,
280251070000,VALLEY STREAM CENTRAL HS DISTRICT,2023,4588,45,30,31,14,23,4,14,35,3,96.0,0.0,NASSAU,,,
280226030000,ISLAND TREES UFSD,2024,2241,36,1,26,48,22,5,10,29,6,94.0,2.0,NASSAU,98.33333333333333,1.3333333333333333,1118.0
280227030000,WEST HEMPSTEAD UFSD,2024,1585,56,19,49,18,10,9,20,46,6,93.0,2.0,NASSAU,96.33333333333333,1.3333333333333333,890.0
280252070000,SEWANHAKA CENTRAL HS DISTRICT,2023,7770,36,21,23,28,27,4,14,30,3,95.0,4.0,NASSAU,,,
280229020000,NORTH MERRICK UFSD,2024,1209,12,4,17,67,10,4,19,10,1,95.0,0.0,NASSAU,,,
280253070000,BELLMORE-MERRICK CENTRAL HS DISTRICT,2023,5200,14,3,13,73,9,1,17,12,2,95.0,3.0,NASSAU,,,
280230020000,VALLEY STREAM 30 UFSD,2024,1357,53,34,28,6,30,9,12,45,3,94.0,0.0,NASSAU,,,
280300010000,LONG BEACH CITY SD,2023,3389,33,8,28,58,3,5,16,26,1,92.0,5.0,NASSAU,96.5,2.1666666666666665,1960.0
280231020000,ISLAND PARK UFSD,2024,660,43,4,38,50,4,8,14,38,5,93.0,3.0,NASSAU,,,
280251070000,VALLEY STREAM CENTRAL HS DISTRICT,2024,4593,45,30,31,13,24,5,13,39,3,95.0,5.0,NASSAU,,,
280401030000,WESTBURY UFSD,2023,4447,70,20,76,3,1,31,11,59,0,92.0,3.0,NASSAU,89.66666666666667,5.333333333333333,2430.0
280252070000,SEWANHAKA CENTRAL HS DISTRICT,2024,7755,37,20,25,26,28,5,14,27,2,95.0,3.0,NASSAU,,,
280402030000,EAST WILLISTON UFSD,2023,1594,12,1,7,53,35,2,13,10,0,95.0,2.0,NASSAU,99.33333333333333,0.3333333333333333,814.0
280253070000,BELLMORE-MERRICK CENTRAL HS DISTRICT,2024,5222,17,3,14,72,9,1,18,14,2,95.0,3.0,NASSAU,,,
280403030000,ROSLYN UFSD,2023,3277,16,3,9,62,24,3,10,13,1,94.0,0.0,NASSAU,97.83333333333333,1.0,1554.0
280300010000,LONG BEACH CITY SD,2024,3329,31,7,28,59,3,4,16,17,1,93.0,4.0,NASSAU,96.5,2.1666666666666665,1960.0
280404030000,PORT WASHINGTON UFSD,2023,5164,3,1,22,62,11,9,16,2,0,94.0,1.0,NASSAU,97.33333333333333,1.6666666666666667,2396.0
280401030000,WESTBURY UFSD,2024,4363,74,19,76,4,1,31,12,61,1,93.0,3.0,NASSAU,89.66666666666667,5.333333333333333,2430.0
280402030000,EAST WILLISTON UFSD,2024,1601,13,1,7,52,36,4,14,11,0,94.0,3.0,NASSAU,99.33333333333333,0.3333333333333333,814.0
280405020000,NEW HYDE PARK-GARDEN CITY PARK UFSD,2023,1528,25,1,15,19,62,9,14,19,3,92.0,1.0,NASSAU,,,
280403030000,ROSLYN UFSD,2024,3309,18,3,10,60,24,3,10,14,2,94.0,1.0,NASSAU,97.83333333333333,1.0,1554.0
280406030000,MANHASSET UFSD,2023,2996,8,2,8,57,29,2,12,7,0,96.0,0.0,NASSAU,98.0,0.3333333333333333,1420.0
280404030000,PORT WASHINGTON UFSD,2024,5177,21,1,22,61,11,9,16,17,1,95.0,1.0,NASSAU,97.33333333333333,1.6666666666666667,2396.0
280407030000,GREAT NECK UFSD,2023,6585,24,1,10,37,49,5,17,19,2,96.0,2.0,NASSAU,95.57142857142857,0.42857142857142855,3658.0
280405020000,NEW HYDE PARK-GARDEN CITY PARK UFSD,2024,1454,28,0,15,19,62,9,15,22,3,93.0,1.0,NASSAU,,,
280406030000,MANHASSET UFSD,2024,3015,10,2,8,54,31,3,12,9,0,95.0,1.0,NASSAU,98.0,0.3333333333333333,1420.0
280409030000,HERRICKS UFSD,2023,4247,18,1,5,19,74,6,11,16,1,96.0,1.0,NASSAU,98.66666666666667,0.3333333333333333,2028.0
280407030000,GREAT NECK UFSD,2024,6579,24,1,9,35,52,5,17,18,2,96.0,2.0,NASSAU,95.57142857142857,0.42857142857142855,3658.0
280410030000,MINEOLA UFSD,2023,2770,35,3,34,46,15,12,15,28,3,94.0,3.0,NASSAU,97.0,1.3333333333333333,1318.0
280409030000,HERRICKS UFSD,2024,4307,21,1,5,18,75,5,12,19,1,96.0,1.0,NASSAU,98.66666666666667,0.3333333333333333,2028.0
280411030000,CARLE PLACE UFSD,2023,1276,18,2,25,59,11,5,17,16,2,95.0,1.0,NASSAU,97.66666666666667,0.3333333333333333,552.0
280410030000,MINEOLA UFSD,2024,2766,34,2,34,44,15,12,16,29,2,94.0,2.0,NASSAU,97.0,1.3333333333333333,1318.0
280501060000,NORTH SHORE CSD,2023,2551,14,0,12,72,11,3,17,10,1,94.0,1.0,NASSAU,99.0,0.3333333333333333,1154.0
280502060000,SYOSSET CSD,2023,6886,14,1,5,44,48,3,9,11,1,96.0,1.0,NASSAU,98.66666666666667,0.6666666666666666,3354.0
280411030000,CARLE PLACE UFSD,2024,1298,25,2,26,58,12,5,17,21,2,95.0,2.0,NASSAU,97.66666666666667,0.3333333333333333,552.0
280501060000,NORTH SHORE CSD,2024,2510,14,0,11,71,12,3,18,10,2,95.0,2.0,NASSAU,99.0,0.3333333333333333,1154.0
280503060000,LOCUST VALLEY CSD,2023,1898,22,1,23,70,5,5,19,19,1,93.0,2.0,NASSAU,98.66666666666667,0.6666666666666666,1006.0
280502060000,SYOSSET CSD,2024,6967,16,1,5,41,50,3,9,12,1,96.0,2.0,NASSAU,98.66666666666667,0.6666666666666666,3354.0
280504060000,PLAINVIEW-OLD BETHPAGE CSD,2023,5200,14,0,7,57,33,4,18,11,1,96.0,1.0,NASSAU,99.33333333333333,0.0,2342.0
280503060000,LOCUST VALLEY CSD,2024,1822,22,2,22,71,5,5,20,20,2,94.0,2.0,NASSAU,98.66666666666667,0.6666666666666666,1006.0
280506060000,OYSTER BAY-EAST NORWICH CSD,2023,1359,25,2,28,63,3,9,16,18,3,94.0,4.0,NASSAU,96.66666666666667,3.3333333333333335,688.0
280504060000,PLAINVIEW-OLD BETHPAGE CSD,2024,5313,17,0,7,54,36,4,19,13,1,96.0,1.0,NASSAU,99.33333333333333,0.0,2342.0
280515030000,JERICHO UFSD,2023,3223,17,2,3,21,72,5,8,14,0,95.0,2.0,NASSAU,98.33333333333333,0.3333333333333333,1868.0
280517030000,HICKSVILLE UFSD,2023,5309,56,2,39,19,37,14,15,48,4,92.0,4.0,NASSAU,92.5,4.0,2798.0
280506060000,OYSTER BAY-EAST NORWICH CSD,2024,1347,28,2,29,63,3,8,16,22,2,94.0,3.0,NASSAU,96.66666666666667,3.3333333333333335,688.0
280515030000,JERICHO UFSD,2024,3237,19,2,3,19,73,6,8,15,1,95.0,1.0,NASSAU,98.33333333333333,0.3333333333333333,1868.0
280518030000,PLAINEDGE UFSD,2023,2779,12,1,11,80,6,1,15,9,1,93.0,1.0,NASSAU,95.33333333333333,1.6666666666666667,1328.0
280517030000,HICKSVILLE UFSD,2024,5276,53,2,41,18,37,14,16,45,3,93.0,4.0,NASSAU,92.5,4.0,2798.0
280521030000,BETHPAGE UFSD,2023,2971,26,1,18,54,25,3,13,21,3,95.0,2.0,NASSAU,98.16666666666667,0.0,1378.0
280522030000,FARMINGDALE UFSD,2023,5126,34,6,29,54,7,5,19,21,2,93.0,3.0,NASSAU,96.66666666666667,2.6666666666666665,2692.0
280518030000,PLAINEDGE UFSD,2024,2806,14,1,13,78,7,2,16,12,1,94.0,2.0,NASSAU,95.33333333333333,1.6666666666666667,1328.0
280523030000,MASSAPEQUA UFSD,2023,6477,10,1,9,86,2,1,15,8,1,94.0,1.0,NASSAU,98.66666666666667,0.0,3034.0
280521030000,BETHPAGE UFSD,2024,3045,27,1,18,51,27,4,13,22,2,96.0,3.0,NASSAU,98.16666666666667,0.0,1378.0
280522030000,FARMINGDALE UFSD,2024,5171,40,7,30,52,7,5,20,30,4,94.0,3.0,NASSAU,96.66666666666667,2.6666666666666665,2692.0
280523030000,MASSAPEQUA UFSD,2024,6482,9,1,10,85,2,1,16,8,1,94.0,1.0,NASSAU,98.66666666666667,0.0,3034.0
310100010000,NYC GEOG DIST # 1 - MANHATTAN,2023,8928,65,15,41,18,21,8,25,62,3,88.0,0.0,NEW YORK,,,
310100010000,NYC GEOG DIST # 1 - MANHATTAN,2024,9297,68,14,44,17,19,13,24,65,2,89.0,0.0,NEW YORK,,,
310200010000,NYC GEOG DIST # 2 - MANHATTAN,2023,52905,56,14,34,25,21,8,20,53,3,89.0,1.0,NEW YORK,,,
310200010000,NYC GEOG DIST # 2 - MANHATTAN,2024,53239,58,14,36,24,21,11,19,56,3,89.0,1.0,NEW YORK,,,
310300010000,NYC GEOG DIST # 3 - MANHATTAN,2023,18149,51,18,34,31,10,5,22,49,2,89.0,1.0,NEW YORK,,,
310300010000,NYC GEOG DIST # 3 - MANHATTAN,2024,18674,54,17,37,30,10,10,21,52,2,89.0,0.0,NEW YORK,,,
310400010000,NYC GEOG DIST # 4 - MANHATTAN,2023,10148,83,23,58,6,10,10,28,81,2,89.0,1.0,NEW YORK,,,
310400010000,NYC GEOG DIST # 4 - MANHATTAN,2024,10509,86,20,62,6,10,19,26,84,2,87.0,1.0,NEW YORK,,,
310500010000,NYC GEOG DIST # 5 - MANHATTAN,2023,7502,83,45,39,8,4,9,29,81,2,85.0,2.0,NEW YORK,,,
310600010000,NYC GEOG DIST # 6 - MANHATTAN,2023,15993,85,8,83,6,1,28,25,84,2,88.0,1.0,NEW YORK,,,
310500010000,NYC GEOG DIST # 5 - MANHATTAN,2024,7264,83,43,40,9,5,11,28,82,1,87.0,1.0,NEW YORK,,,
310600010000,NYC GEOG DIST # 6 - MANHATTAN,2024,16250,87,8,83,6,1,29,24,85,2,88.0,1.0,NEW YORK,,,
580101030000,BABYLON UFSD,2024,1527,16,3,16,76,3,3,17,14,2,95.0,0.0,SUFFOLK,96.66666666666667,2.0,694.0
580102030000,WEST BABYLON UFSD,2024,3600,47,10,36,49,4,7,21,41,4,94.0,4.0,SUFFOLK,94.66666666666667,2.6666666666666665,1938.0
580103030000,NORTH BABYLON UFSD,2024,4430,52,24,38,27,7,10,17,44,6,93.0,4.0,SUFFOLK,95.16666666666667,2.6666666666666665,2236.0
580104030000,LINDENHURST UFSD,2024,5570,48,4,34,55,4,10,17,40,6,94.0,3.0,SUFFOLK,94.5,2.0,2862.0
580105030000,COPIAGUE UFSD,2024,4623,72,19,69,9,2,19,16,59,1,93.0,5.0,SUFFOLK,92.0,3.6666666666666665,2244.0
580106030000,AMITYVILLE UFSD,2024,2721,73,30,60,4,1,22,17,69,2,92.0,11.0,SUFFOLK,84.0,9.333333333333334,1330.0
580101030000,BABYLON UFSD,2023,1534,19,3,16,75,3,3,18,16,1,94.0,1.0,SUFFOLK,96.66666666666667,2.0,694.0
580107030000,DEER PARK UFSD,2024,3865,52,21,31,27,18,9,16,46,4,94.0,2.0,SUFFOLK,95.66666666666667,1.6666666666666667,1934.0
580109020000,WYANDANCH UFSD,2024,2574,85,32,67,1,0,31,18,85,0,92.0,6.0,SUFFOLK,75.0,11.333333333333334,1142.0
580102030000,WEST BABYLON UFSD,2023,3586,36,9,34,50,4,7,21,32,4,94.0,4.0,SUFFOLK,94.66666666666667,2.6666666666666665,1938.0
580201060000,THREE VILLAGE CSD,2024,5508,17,2,11,68,15,2,15,13,1,96.0,2.0,SUFFOLK,98.33333333333333,1.0,2972.0
580203020000,BROOKHAVEN-COMSEWOGUE UFSD,2024,3447,31,4,37,53,3,7,21,29,2,94.0,3.0,SUFFOLK,94.0,4.0,1716.0
580103030000,NORTH BABYLON UFSD,2023,4447,54,24,36,28,7,9,16,42,7,93.0,4.0,SUFFOLK,95.16666666666667,2.6666666666666665,2236.0
580205060000,SACHEM CSD,2024,11588,36,4,24,62,6,5,21,29,3,94.0,3.0,SUFFOLK,95.41666666666667,2.0,6286.0
580104030000,LINDENHURST UFSD,2023,5566,46,4,32,58,4,9,16,37,7,94.0,3.0,SUFFOLK,94.5,2.0,2862.0
580105030000,COPIAGUE UFSD,2023,4638,61,19,68,9,2,19,16,57,0,93.0,6.0,SUFFOLK,92.0,3.6666666666666665,2244.0
580206020000,PORT JEFFERSON UFSD,2024,861,15,2,15,73,7,4,22,13,1,94.0,1.0,SUFFOLK,99.33333333333333,0.3333333333333333,482.0
580106030000,AMITYVILLE UFSD,2023,2756,77,31,59,5,1,22,15,66,5,92.0,9.0,SUFFOLK,84.0,9.333333333333334,1330.0
580207020000,MT SINAI UFSD,2024,2037,16,1,15,75,7,1,16,12,0,94.0,0.0,SUFFOLK,,,
580208020000,MILLER PLACE UFSD,2024,2276,21,2,11,82,2,2,17,17,2,94.0,2.0,SUFFOLK,98.33333333333333,1.0,1334.0
580107030000,DEER PARK UFSD,2023,3852,52,21,30,29,17,9,16,41,4,93.0,4.0,SUFFOLK,95.66666666666667,1.6666666666666667,1934.0
580209020000,ROCKY POINT UFSD,2024,2617,36,2,21,73,1,5,20,30,3,93.0,3.0,SUFFOLK,94.66666666666667,3.6666666666666665,1428.0
580109020000,WYANDANCH UFSD,2023,2579,93,34,64,1,0,30,18,88,1,91.0,5.0,SUFFOLK,75.0,11.333333333333334,1142.0
580211060000,MIDDLE COUNTRY CSD,2024,8920,48,7,33,48,9,8,16,44,3,93.0,4.0,SUFFOLK,93.5,4.0,4592.0
580201060000,THREE VILLAGE CSD,2023,5515,16,2,10,70,14,2,14,14,1,95.0,1.0,SUFFOLK,98.33333333333333,1.0,2972.0
580212060000,LONGWOOD CSD,2024,8788,52,18,31,42,3,9,20,47,1,92.0,6.0,SUFFOLK,90.66666666666667,5.666666666666667,4512.0
580203020000,BROOKHAVEN-COMSEWOGUE UFSD,2023,3527,36,4,36,55,3,7,21,33,2,93.0,3.0,SUFFOLK,94.0,4.0,1716.0
580205060000,SACHEM CSD,2023,11727,32,4,23,64,6,5,20,26,2,93.0,4.0,SUFFOLK,95.41666666666667,2.0,6286.0
580224030000,PATCHOGUE-MEDFORD UFSD,2024,7369,52,7,50,38,2,18,16,47,5,93.0,5.0,SUFFOLK,90.33333333333333,3.0,3738.0
580232030000,WILLIAM FLOYD UFSD,2024,9208,61,15,47,29,3,13,16,53,2,90.0,3.0,SUFFOLK,89.33333333333333,5.833333333333333,4692.0
580206020000,PORT JEFFERSON UFSD,2023,872,14,2,14,74,8,4,22,13,0,94.0,0.0,SUFFOLK,99.33333333333333,0.3333333333333333,482.0
580207020000,MT SINAI UFSD,2023,2046,13,1,14,77,7,1,15,10,1,94.0,2.0,SUFFOLK,,,
580208020000,MILLER PLACE UFSD,2023,2295,19,2,10,83,2,1,17,13,2,94.0,2.0,SUFFOLK,98.33333333333333,1.0,1334.0
580209020000,ROCKY POINT UFSD,2023,2671,36,2,20,74,2,5,20,30,4,93.0,3.0,SUFFOLK,94.66666666666667,3.6666666666666665,1428.0
580233020000,CENTER MORICHES UFSD,2024,1453,36,4,24,66,2,8,22,32,2,93.0,3.0,SUFFOLK,95.66666666666667,2.0,812.0
580234020000,EAST MORICHES UFSD,2024,635,24,3,18,73,2,5,15,22,0,93.0,1.0,SUFFOLK,,,
580235060000,SOUTH COUNTRY CSD,2024,3845,59,16,47,31,2,18,16,51,3,91.0,5.0,SUFFOLK,88.83333333333333,5.0,2056.0
580211060000,MIDDLE COUNTRY CSD,2023,8943,45,6,31,50,9,7,16,35,2,93.0,3.0,SUFFOLK,93.5,4.0,4592.0
580301020000,EAST HAMPTON UFSD,2024,1765,47,3,59,33,2,23,13,38,2,94.0,3.0,SUFFOLK,91.66666666666667,4.666666666666667,1500.0
580302080000,WAINSCOTT COMN SD,2024,22,0,0,64,27,5,27,0,0,0,96.0,5.0,SUFFOLK,,,
580303020000,AMAGANSETT UFSD,2024,93,19,2,25,73,0,9,24,19,0,90.0,0.0,SUFFOLK,,,
580304020000,SPRINGS UFSD,2024,638,34,0,61,36,1,25,12,34,0,94.0,2.0,SUFFOLK,,,
580305020000,SAG HARBOR UFSD,2024,904,27,2,23,72,3,9,14,25,1,93.0,2.0,SUFFOLK,93.33333333333333,3.3333333333333335,450.0
580212060000,LONGWOOD CSD,2023,8729,52,17,33,41,3,8,19,46,1,91.0,7.0,SUFFOLK,90.66666666666667,5.666666666666667,4512.0
580306020000,MONTAUK UFSD,2024,267,0,1,29,66,0,13,15,0,0,92.0,1.0,SUFFOLK,,,
580401020000,ELWOOD UFSD,2024,1960,24,6,24,56,10,4,14,22,2,95.0,1.0,SUFFOLK,96.66666666666667,1.6666666666666667,1070.0
580402060000,COLD SPRING HARBOR CSD,2024,1561,3,0,6,84,5,1,13,3,0,95.0,1.0,SUFFOLK,100.0,0.0,800.0
580224030000,PATCHOGUE-MEDFORD UFSD,2023,7348,47,6,50,38,2,17,16,42,5,93.0,6.0,SUFFOLK,90.33333333333333,3.0,3738.0
580403030000,HUNTINGTON UFSD,2024,4067,56,6,58,31,2,26,16,50,5,91.0,2.0,SUFFOLK,91.66666666666667,3.0,1958.0
580404030000,NORTHPORT-EAST NORTHPORT UFSD,2024,4386,17,1,16,77,3,4,20,14,1,94.0,1.0,SUFFOLK,97.16666666666667,1.6666666666666667,2672.0
580232030000,WILLIAM FLOYD UFSD,2023,9008,61,16,45,31,2,10,15,55,1,88.0,2.0,SUFFOLK,89.33333333333333,5.833333333333333,4692.0
580405060000,HALF HOLLOW HILLS CSD,2024,7147,28,13,16,45,21,4,23,23,2,94.0,2.0,SUFFOLK,95.83333333333333,0.6666666666666666,3968.0
580233020000,CENTER MORICHES UFSD,2023,1478,36,4,22,67,1,8,22,26,1,93.0,5.0,SUFFOLK,95.66666666666667,2.0,812.0
580406060000,HARBORFIELDS CSD,2024,2767,18,3,18,68,6,3,17,14,2,95.0,1.0,SUFFOLK,99.66666666666667,0.0,1370.0
580234020000,EAST MORICHES UFSD,2023,646,24,2,17,76,2,6,15,23,1,94.0,1.0,SUFFOLK,,,
580235060000,SOUTH COUNTRY CSD,2023,3887,59,15,46,32,2,17,16,46,4,90.0,5.0,SUFFOLK,88.83333333333333,5.0,2056.0
580410030000,COMMACK UFSD,2024,5466,17,2,13,69,13,2,20,14,1,95.0,1.0,SUFFOLK,98.16666666666667,1.0,3034.0
580413030000,SOUTH HUNTINGTON UFSD,2024,5714,48,6,53,32,5,21,18,46,2,93.0,2.0,SUFFOLK,93.33333333333333,3.3333333333333335,2916.0
580301020000,EAST HAMPTON UFSD,2023,1779,50,2,58,34,2,22,12,39,3,93.0,2.0,SUFFOLK,91.66666666666667,4.666666666666667,1500.0
580302080000,WAINSCOTT COMN SD,2023,27,0,0,59,33,4,41,7,0,0,89.0,4.0,SUFFOLK,,,
580501030000,BAY SHORE UFSD,2024,5604,59,16,52,25,5,15,17,50,4,95.0,5.0,SUFFOLK,92.0,4.0,2866.0
580502020000,ISLIP UFSD,2024,2675,42,6,38,47,5,9,17,35,5,94.0,3.0,SUFFOLK,96.33333333333333,2.3333333333333335,1390.0
580503030000,EAST ISLIP UFSD,2024,3398,30,4,24,66,4,3,19,23,4,94.0,2.0,SUFFOLK,96.0,2.3333333333333335,1694.0
580303020000,AMAGANSETT UFSD,2023,102,22,5,25,69,0,5,19,21,0,90.0,0.0,SUFFOLK,,,
580304020000,SPRINGS UFSD,2023,642,8,0,61,37,1,28,13,2,0,95.0,2.0,SUFFOLK,,,
580305020000,SAG HARBOR UFSD,2023,914,25,2,23,73,2,8,13,23,1,92.0,2.0,SUFFOLK,93.33333333333333,3.3333333333333335,450.0
580306020000,MONTAUK UFSD,2023,278,0,2,26,67,1,11,16,0,0,91.0,0.0,SUFFOLK,,,
580401020000,ELWOOD UFSD,2023,1979,23,6,23,58,10,5,13,18,1,95.0,2.0,SUFFOLK,96.66666666666667,1.6666666666666667,1070.0
580504030000,SAYVILLE UFSD,2024,2502,14,1,9,85,2,0,15,12,1,95.0,1.0,SUFFOLK,98.66666666666667,0.0,1382.0
580402060000,COLD SPRING HARBOR CSD,2023,1568,3,1,6,85,5,1,13,3,0,95.0,1.0,SUFFOLK,100.0,0.0,800.0
580505020000,BAYPORT-BLUE POINT UFSD,2024,1791,18,1,9,85,2,1,20,15,1,94.0,1.0,SUFFOLK,99.0,0.3333333333333333,1056.0
580403030000,HUNTINGTON UFSD,2023,4067,63,6,57,32,2,26,15,52,5,92.0,3.0,SUFFOLK,91.66666666666667,3.0,1958.0
580506030000,HAUPPAUGE UFSD,2024,3168,22,4,19,64,10,3,19,18,1,94.0,3.0,SUFFOLK,97.33333333333333,1.3333333333333333,1724.0
580507060000,CONNETQUOT CSD,2024,5303,34,3,22,65,7,5,19,28,4,94.0,3.0,SUFFOLK,96.33333333333333,1.6666666666666667,2604.0
280100010000,GLEN COVE CITY SD,2022,3050,65,8,65,23,3,20,19,59,5,90.0,6.0,NASSAU,87.16666666666667,7.666666666666667,1574.0
280201030000,HEMPSTEAD UFSD,2022,5880,74,20,76,2,1,44,11,71,4,85.0,6.0,NASSAU,85.83333333333333,4.0,2522.0
280202030000,UNIONDALE UFSD,2022,6018,69,34,63,1,1,24,14,59,1,87.0,5.0,NASSAU,88.33333333333333,6.333333333333333,3258.0
280203030000,EAST MEADOW UFSD,2022,7398,22,4,23,43,28,4,13,20,2,95.0,3.0,NASSAU,97.0,1.3333333333333333,3470.0
280204020000,NORTH BELLMORE UFSD,2022,2039,10,3,17,67,10,3,18,8,0,93.0,0.0,NASSAU,,,
280205030000,LEVITTOWN UFSD,2022,7055,18,1,23,60,14,4,13,14,2,95.0,2.0,NASSAU,97.58333333333333,0.5,3374.0
280206030000,SEAFORD UFSD,2022,2171,13,1,10,85,3,2,14,9,1,94.0,1.0,NASSAU,98.0,0.0,1026.0
280207020000,BELLMORE UFSD,2022,952,8,1,13,75,9,3,22,8,0,95.0,1.0,NASSAU,,,
280208030000,ROOSEVELT UFSD,2022,3018,63,40,59,0,1,30,13,59,1,86.0,5.0,NASSAU,84.66666666666667,10.333333333333334,1550.0
280209030000,FREEPORT UFSD,2022,6338,65,22,70,5,1,23,15,54,2,93.0,7.0,NASSAU,88.83333333333333,0.6666666666666666,3088.0
280210030000,BALDWIN UFSD,2022,4368,41,48,32,10,5,5,18,33,4,95.0,4.0,NASSAU,98.33333333333333,0.0,2196.0
280211030000,OCEANSIDE UFSD,2022,5370,20,3,24,66,4,5,13,16,2,95.0,2.0,NASSAU,91.25,0.3333333333333333,2686.0
280212030000,MALVERNE UFSD,2022,1725,32,44,28,19,8,2,15,21,0,94.0,0.0,NASSAU,97.33333333333333,0.3333333333333333,860.0
280213020000,VALLEY STREAM 13 UFSD,2022,1852,43,20,29,22,26,7,15,32,2,93.0,1.0,NASSAU,,,
280214030000,HEWLETT-WOODMERE UFSD,2022,2732,29,9,18,60,10,4,17,23,3,95.0,3.0,NASSAU,95.33333333333333,1.6666666666666667,1458.0
280215030000,LAWRENCE UFSD,2022,2260,70,15,68,11,4,23,18,66,3,89.0,5.0,NASSAU,88.33333333333333,6.333333333333333,1134.0
280216020000,ELMONT UFSD,2022,3142,51,38,31,5,24,12,13,43,6,93.0,1.0,NASSAU,,,
280217020000,FRANKLIN SQUARE UFSD,2022,1808,17,3,25,55,14,3,14,15,0,93.0,1.0,NASSAU,,,
280218030000,GARDEN CITY UFSD,2022,3928,4,1,7,81,9,1,13,3,0,95.0,0.0,NASSAU,99.66666666666667,0.0,1738.0
280219030000,EAST ROCKAWAY UFSD,2022,1119,24,4,30,57,5,4,15,15,1,93.0,4.0,NASSAU,96.33333333333333,3.0,550.0
280220030000,LYNBROOK UFSD,2022,2725,16,5,20,65,7,2,15,16,1,95.0,1.0,NASSAU,98.83333333333333,0.3333333333333333,1296.0
280221030000,ROCKVILLE CENTRE UFSD,2022,3453,14,6,16,72,3,2,16,12,1,94.0,2.0,NASSAU,99.33333333333333,0.3333333333333333,1574.0
280222020000,FLORAL PARK-BELLEROSE UFSD,2022,1467,15,2,19,53,21,2,16,12,1,94.0,0.0,NASSAU,,,
280223030000,WANTAGH UFSD,2022,2754,9,1,9,85,3,1,15,7,1,94.0,1.0,NASSAU,99.16666666666667,0.0,1238.0
280224020000,VALLEY STREAM 24 UFSD,2022,1013,43,22,44,15,17,9,10,37,4,93.0,0.0,NASSAU,,,
280225020000,MERRICK UFSD,2022,1543,7,2,10,82,5,2,14,7,0,95.0,0.0,NASSAU,,,
280226030000,ISLAND TREES UFSD,2022,2185,26,2,24,56,17,4,10,23,3,94.0,2.0,NASSAU,98.33333333333333,1.3333333333333333,1118.0
280227030000,WEST HEMPSTEAD UFSD,2022,1635,51,20,48,22,8,9,20,34,5,93.0,5.0,NASSAU,96.33333333333333,1.3333333333333333,890.0
280229020000,NORTH MERRICK UFSD,2022,1201,10,3,17,68,9,4,18,8,1,94.0,0.0,NASSAU,,,
280230020000,VALLEY STREAM 30 UFSD,2022,1360,53,34,29,6,28,10,10,40,2,94.0,1.0,NASSAU,,,
280231020000,ISLAND PARK UFSD,2022,630,36,4,41,48,3,7,14,34,2,93.0,3.0,NASSAU,,,
280251070000,VALLEY STREAM CENTRAL HS DISTRICT,2022,4662,39,31,30,15,23,4,14,31,1,95.0,4.0,NASSAU,,,
280252070000,SEWANHAKA CENTRAL HS DISTRICT,2022,7817,30,22,22,29,26,4,13,21,2,95.0,4.0,NASSAU,,,
280253070000,BELLMORE-MERRICK CENTRAL HS DISTRICT,2022,5141,13,3,12,75,8,1,16,11,1,95.0,3.0,NASSAU,,,
280300010000,LONG BEACH CITY SD,2022,3420,28,8,27,59,4,5,16,25,1,91.0,5.0,NASSAU,96.5,2.1666666666666665,1960.0
280401030000,WESTBURY UFSD,2022,4589,0,21,74,3,1,32,10,0,0,91.0,3.0,NASSAU,89.66666666666667,5.333333333333333,2430.0
280402030000,EAST WILLISTON UFSD,2022,1620,11,1,8,54,34,3,12,9,0,96.0,1.0,NASSAU,99.33333333333333,0.3333333333333333,814.0
280403030000,ROSLYN UFSD,2022,3295,15,3,8,64,22,3,10,11,1,94.0,0.0,NASSAU,97.83333333333333,1.0,1554.0
280404030000,PORT WASHINGTON UFSD,2022,5140,19,1,21,62,11,9,16,16,2,95.0,1.0,NASSAU,97.33333333333333,1.6666666666666667,2396.0
280405020000,NEW HYDE PARK-GARDEN CITY PARK UFSD,2022,1535,20,1,14,21,61,9,13,16,2,92.0,0.0,NASSAU,,,
280406030000,MANHASSET UFSD,2022,3009,8,3,8,59,27,2,12,8,1,95.0,1.0,NASSAU,98.0,0.3333333333333333,1420.0
280407030000,GREAT NECK UFSD,2022,6516,21,1,9,40,46,4,17,17,2,96.0,2.0,NASSAU,95.57142857142857,0.42857142857142855,3658.0
280409030000,HERRICKS UFSD,2022,4128,15,1,5,21,72,5,12,14,1,96.0,2.0,NASSAU,98.66666666666667,0.3333333333333333,2028.0
280410030000,MINEOLA UFSD,2022,2765,34,3,33,47,14,12,14,30,2,94.0,2.0,NASSAU,97.0,1.3333333333333333,1318.0
280411030000,CARLE PLACE UFSD,2022,1273,14,2,25,62,9,5,17,12,3,95.0,1.0,NASSAU,97.66666666666667,0.3333333333333333,552.0
280501060000,NORTH SHORE CSD,2022,2519,12,0,11,74,9,3,17,10,1,95.0,1.0,NASSAU,99.0,0.3333333333333333,1154.0
280502060000,SYOSSET CSD,2022,6741,11,0,5,47,45,3,9,8,1,97.0,1.0,NASSAU,98.66666666666667,0.6666666666666666,3354.0
280503060000,LOCUST VALLEY CSD,2022,1889,18,1,21,72,5,5,18,15,0,92.0,1.0,NASSAU,98.66666666666667,0.6666666666666666,1006.0
280504060000,PLAINVIEW-OLD BETHPAGE CSD,2022,5056,12,0,6,60,31,4,17,8,0,96.0,1.0,NASSAU,99.33333333333333,0.0,2342.0
280506060000,OYSTER BAY-EAST NORWICH CSD,2022,1392,25,3,27,63,4,10,16,21,3,93.0,3.0,NASSAU,96.66666666666667,3.3333333333333335,688.0
280515030000,JERICHO UFSD,2022,3176,14,2,3,24,68,5,9,12,0,95.0,1.0,NASSAU,98.33333333333333,0.3333333333333333,1868.0
280517030000,HICKSVILLE UFSD,2022,5205,44,2,37,22,37,13,14,38,3,93.0,4.0,NASSAU,92.5,4.0,2798.0
280518030000,PLAINEDGE UFSD,2022,2776,11,1,10,82,5,1,15,8,0,93.0,1.0,NASSAU,95.33333333333333,1.6666666666666667,1328.0
280521030000,BETHPAGE UFSD,2022,2919,21,1,17,58,23,3,12,16,1,96.0,1.0,NASSAU,98.16666666666667,0.0,1378.0
280522030000,FARMINGDALE UFSD,2022,5246,33,6,28,56,7,5,18,20,1,93.0,3.0,NASSAU,96.66666666666667,2.6666666666666665,2692.0
280523030000,MASSAPEQUA UFSD,2022,6488,8,0,8,87,2,1,14,6,1,94.0,1.0,NASSAU,98.66666666666667,0.0,3034.0
310100010000,NYC GEOG DIST # 1 - MANHATTAN,2022,9377,64,15,41,19,20,9,25,61,3,87.0,0.0,NEW YORK,,,
310200010000,NYC GEOG DIST # 2 - MANHATTAN,2022,54474,55,14,34,25,22,9,19,52,3,87.0,1.0,NEW YORK,,,
310300010000,NYC GEOG DIST # 3 - MANHATTAN,2022,18401,50,18,33,32,10,5,21,47,3,89.0,1.0,NEW YORK,,,
310400010000,NYC GEOG DIST # 4 - MANHATTAN,2022,10395,83,23,58,5,10,12,27,80,3,88.0,1.0,NEW YORK,,,
310500010000,NYC GEOG DIST # 5 - MANHATTAN,2022,8067,82,45,40,7,4,9,29,80,1,82.0,1.0,NEW YORK,,,
310600010000,NYC GEOG DIST # 6 - MANHATTAN,2022,16839,85,8,83,6,2,29,24,83,2,87.0,0.0,NEW YORK,,,
580101030000,BABYLON UFSD,2022,1517,15,3,16,76,3,3,16,14,1,93.0,1.0,SUFFOLK,96.66666666666667,2.0,694.0
580102030000,WEST BABYLON UFSD,2022,3595,34,9,31,53,4,6,20,30,3,94.0,5.0,SUFFOLK,94.66666666666667,2.6666666666666665,1938.0
580103030000,NORTH BABYLON UFSD,2022,4469,44,24,34,31,6,8,15,35,4,91.0,6.0,SUFFOLK,95.16666666666667,2.6666666666666665,2236.0
580104030000,LINDENHURST UFSD,2022,5500,33,4,30,61,4,8,15,28,4,94.0,3.0,SUFFOLK,94.5,2.0,2862.0
580105030000,COPIAGUE UFSD,2022,4702,68,20,67,10,2,18,16,58,1,92.0,5.0,SUFFOLK,92.0,3.6666666666666665,2244.0
580106030000,AMITYVILLE UFSD,2022,2832,76,32,58,4,1,23,15,64,5,21.0,4.0,SUFFOLK,84.0,9.333333333333334,1330.0
580107030000,DEER PARK UFSD,2022,3764,46,21,29,31,15,8,16,38,4,93.0,3.0,SUFFOLK,95.66666666666667,1.6666666666666667,1934.0
580109020000,WYANDANCH UFSD,2022,2608,100,37,61,1,0,30,17,100,0,92.0,0.0,SUFFOLK,75.0,11.333333333333334,1142.0
580201060000,THREE VILLAGE CSD,2022,5626,15,2,9,72,13,2,14,13,0,96.0,1.0,SUFFOLK,98.33333333333333,1.0,2972.0
580203020000,BROOKHAVEN-COMSEWOGUE UFSD,2022,3484,25,4,34,56,3,7,20,25,0,93.0,3.0,SUFFOLK,94.0,4.0,1716.0
580205060000,SACHEM CSD,2022,11902,23,4,20,67,6,4,20,22,1,94.0,2.0,SUFFOLK,95.41666666666667,2.0,6286.0
580206020000,PORT JEFFERSON UFSD,2022,910,11,1,13,75,7,3,20,10,1,93.0,0.0,SUFFOLK,99.33333333333333,0.3333333333333333,482.0
580207020000,MT SINAI UFSD,2022,2111,12,1,12,79,6,1,15,8,0,94.0,2.0,SUFFOLK,,,
580208020000,MILLER PLACE UFSD,2022,2363,16,2,10,84,2,2,17,13,1,95.0,3.0,SUFFOLK,98.33333333333333,1.0,1334.0
580209020000,ROCKY POINT UFSD,2022,2731,35,2,19,75,1,5,19,29,4,93.0,3.0,SUFFOLK,94.66666666666667,3.6666666666666665,1428.0
580211060000,MIDDLE COUNTRY CSD,2022,8910,40,5,29,54,9,7,16,32,2,91.0,3.0,SUFFOLK,93.5,4.0,4592.0
580212060000,LONGWOOD CSD,2022,8825,49,17,31,42,3,7,18,43,1,92.0,5.0,SUFFOLK,90.66666666666667,5.666666666666667,4512.0
580224030000,PATCHOGUE-MEDFORD UFSD,2022,7280,55,6,48,41,2,17,16,44,7,92.0,4.0,SUFFOLK,90.33333333333333,3.0,3738.0
580232030000,WILLIAM FLOYD UFSD,2022,8847,58,16,41,35,2,8,16,52,1,89.0,2.0,SUFFOLK,89.33333333333333,5.833333333333333,4692.0
580233020000,CENTER MORICHES UFSD,2022,1500,29,5,21,69,1,7,22,27,2,94.0,5.0,SUFFOLK,95.66666666666667,2.0,812.0
580234020000,EAST MORICHES UFSD,2022,672,22,2,15,77,1,4,13,20,1,94.0,3.0,SUFFOLK,,,
580235060000,SOUTH COUNTRY CSD,2022,4002,60,16,44,34,2,16,15,51,5,90.0,6.0,SUFFOLK,88.83333333333333,5.0,2056.0
580301020000,EAST HAMPTON UFSD,2022,1783,39,2,57,36,2,22,13,35,2,92.0,3.0,SUFFOLK,91.66666666666667,4.666666666666667,1500.0
580302080000,WAINSCOTT COMN SD,2022,25,0,0,56,28,8,40,4,0,0,94.0,0.0,SUFFOLK,,,
580303020000,AMAGANSETT UFSD,2022,110,0,4,26,67,1,8,15,0,0,90.0,0.0,SUFFOLK,,,
580304020000,SPRINGS UFSD,2022,664,3,0,62,36,1,28,13,3,1,92.0,2.0,SUFFOLK,,,
580305020000,SAG HARBOR UFSD,2022,921,21,3,23,72,3,8,12,18,0,91.0,2.0,SUFFOLK,93.33333333333333,3.3333333333333335,450.0
580306020000,MONTAUK UFSD,2022,301,0,2,24,69,1,10,15,0,0,90.0,0.0,SUFFOLK,,,
580401020000,ELWOOD UFSD,2022,1974,22,6,22,59,10,4,13,17,2,95.0,3.0,SUFFOLK,96.66666666666667,1.6666666666666667,1070.0
580402060000,COLD SPRING HARBOR CSD,2022,1626,4,0,5,85,5,1,13,4,0,95.0,0.0,SUFFOLK,100.0,0.0,800.0
580403030000,HUNTINGTON UFSD,2022,4063,58,6,56,33,2,25,15,52,3,91.0,2.0,SUFFOLK,91.66666666666667,3.0,1958.0
580404030000,NORTHPORT-EAST NORTHPORT UFSD,2022,4690,17,1,14,79,3,3,19,14,1,93.0,1.0,SUFFOLK,97.16666666666667,1.6666666666666667,2672.0
580405060000,HALF HOLLOW HILLS CSD,2022,7302,24,12,15,49,19,3,21,20,1,94.0,2.0,SUFFOLK,95.83333333333333,0.6666666666666666,3968.0
580406060000,HARBORFIELDS CSD,2022,2780,15,4,16,70,6,4,17,14,1,95.0,2.0,SUFFOLK,99.66666666666667,0.0,1370.0
580410030000,COMMACK UFSD,2022,5571,14,2,12,73,11,1,18,12,1,95.0,1.0,SUFFOLK,98.16666666666667,1.0,3034.0
580413030000,SOUTH HUNTINGTON UFSD,2022,5661,54,7,50,35,5,21,16,38,3,93.0,2.0,SUFFOLK,93.33333333333333,3.3333333333333335,2916.0
580501030000,BAY SHORE UFSD,2022,5688,52,17,49,26,5,13,16,44,3,93.0,5.0,SUFFOLK,92.0,4.0,2866.0
580502020000,ISLIP UFSD,2022,2685,37,5,34,52,5,7,16,30,3,94.0,2.0,SUFFOLK,96.33333333333333,2.3333333333333335,1390.0
580503030000,EAST ISLIP UFSD,2022,3358,27,3,21,70,3,2,18,21,3,93.0,2.0,SUFFOLK,96.0,2.3333333333333335,1694.0
580504030000,SAYVILLE UFSD,2022,2630,12,1,8,87,2,0,15,11,1,94.0,1.0,SUFFOLK,98.66666666666667,0.0,1382.0
580505020000,BAYPORT-BLUE POINT UFSD,2022,1890,15,2,8,85,2,1,18,14,1,93.0,2.0,SUFFOLK,99.0,0.3333333333333333,1056.0
580506030000,HAUPPAUGE UFSD,2022,3192,18,4,17,68,8,3,17,14,1,95.0,3.0,SUFFOLK,97.33333333333333,1.3333333333333333,1724.0
580507060000,CONNETQUOT CSD,2022,5248,28,3,19,70,6,4,17,21,3,93.0,2.0,SUFFOLK,96.33333333333333,1.6666666666666667,2604.0
580509030000,WEST ISLIP UFSD,2022,3790,16,0,13,82,2,1,17,13,2,95.0,2.0,SUFFOLK,99.33333333333333,0.3333333333333333,1944.0
580512030000,BRENTWOOD UFSD,2022,17608,84,8,87,2,2,35,15,52,2,92.0,4.0,SUFFOLK,83.66666666666667,7.333333333333333,8370.0
580513030000,CENTRAL ISLIP UFSD,2022,7297,73,15,81,2,2,33,13,69,5,93.0,5.0,SUFFOLK,78.83333333333333,9.666666666666666,3482.0
580514020000,FIRE ISLAND UFSD,2022,34,0,6,6,82,6,3,12,0,0,94.0,0.0,SUFFOLK,,,
580601040000,SHOREHAM-WADING RIVER CSD,2022,2016,5,1,11,84,2,1,17,1,1,95.0,2.0,SUFFOLK,98.66666666666667,0.6666666666666666,1094.0
580602040000,RIVERHEAD CSD,2022,5405,60,8,60,28,1,35,16,50,2,91.0,5.0,SUFFOLK,83.33333333333333,12.333333333333334,2906.0
580603020000,LITTLE FLOWER UFSD,2022,100,17,26,26,42,1,2,96,17,0,79.0,5.0,SUFFOLK,,,8.0
580701020000,SHELTER ISLAND UFSD,2022,161,35,2,24,68,1,8,13,25,5,92.0,2.0,SUFFOLK,91.33333333333333,8.666666666666666,88.0
580801060000,SMITHTOWN CSD,2022,7962,10,2,12,78,6,2,18,9,0,96.0,1.0,SUFFOLK,98.5,0.5,4352.0
580805060000,KINGS PARK CSD,2022,2728,13,1,12,82,4,2,16,9,1,94.0,1.0,SUFFOLK,97.0,0.6666666666666666,1434.0
580901020000,REMSENBURG-SPEONK UFSD,2022,140,29,1,24,65,1,12,16,27,1,94.0,2.0,SUFFOLK,,,
580902020000,WESTHAMPTON BEACH UFSD,2022,1783,30,1,32,63,2,9,14,28,2,94.0,0.0,SUFFOLK,94.16666666666667,3.6666666666666665,1480.0
580903020000,QUOGUE UFSD,2022,86,5,0,14,80,3,5,12,5,0,91.0,1.0,SUFFOLK,,,
580905020000,HAMPTON BAYS UFSD,2022,2017,65,1,63,34,1,30,13,52,5,93.0,4.0,SUFFOLK,94.0,4.0,1168.0
580906030000,SOUTHAMPTON UFSD,2022,1339,42,1,47,42,1,22,17,40,1,91.0,2.0,SUFFOLK,91.33333333333333,2.6666666666666665,938.0
580909020000,BRIDGEHAMPTON UFSD,2022,192,49,12,56,26,1,26,23,48,0,92.0,1.0,SUFFOLK,92.66666666666667,5.333333333333333,80.0
580910080000,SAGAPONACK COMN SD,2022,13,0,15,15,69,0,0,15,0,0,90.0,0.0,SUFFOLK,,,
580912060000,EASTPORT-SOUTH MANOR CSD,2022,2896,19,2,12,83,2,3,18,18,1,93.0,4.0,SUFFOLK,95.66666666666667,3.0,1722.0
580913080000,TUCKAHOE COMN SD,2022,254,58,3,61,22,2,23,13,53,4,71.0,0.0,SUFFOLK,,,
580917020000,EAST QUOGUE UFSD,2022,359,33,1,30,66,1,18,14,28,0,93.0,0.0,SUFFOLK,,,
581002020000,OYSTERPONDS UFSD,2022,79,0,0,23,70,1,4,10,0,0,92.0,0.0,SUFFOLK,,,
581004020000,FISHERS ISLAND UFSD,2022,54,0,7,7,78,0,0,9,0,0,93.0,2.0,SUFFOLK,72.66666666666667,0.0,36.0
581005020000,SOUTHOLD UFSD,2022,704,31,1,32,63,2,14,16,26,3,78.0,1.0,SUFFOLK,88.33333333333333,6.0,438.0
581010020000,GREENPORT UFSD,2022,654,74,7,61,26,0,22,12,59,6,76.0,3.0,SUFFOLK,78.33333333333333,15.0,338.0
581012020000,MATTITUCK-CUTCHOGUE UFSD,2022,1066,31,1,22,75,1,9,17,30,1,89.0,3.0,SUFFOLK,91.16666666666667,4.0,630.0
581015080000,NEW SUFFOLK COMN SD,2022,9,0,0,22,78,0,11,0,0,0,93.0,0.0,SUFFOLK,,,
660101030000,KATONAH-LEWISBORO UFSD,2022,2886,8,1,12,77,4,2,16,8,0,93.0,1.0,WESTCHESTER,97.66666666666667,0.6666666666666666,1454.0
660102060000,BEDFORD CSD,2022,3714,37,3,39,51,3,18,16,26,8,94.0,2.0,WESTCHESTER,90.0,7.0,1920.0
660202030000,CROTON-HARMON UFSD,2022,1533,14,2,18,69,6,2,15,12,1,95.0,1.0,WESTCHESTER,97.33333333333333,1.0,702.0
660203060000,HENDRICK HUDSON CSD,2022,2208,29,7,32,53,3,4,18,23,4,96.0,3.0,WESTCHESTER,94.5,1.6666666666666667,1098.0
660301030000,EASTCHESTER UFSD,2022,3137,2,2,14,66,15,5,15,2,0,93.0,2.0,WESTCHESTER,97.33333333333333,0.0,1508.0
660302030000,TUCKAHOE UFSD,2022,1095,20,8,16,66,6,4,16,16,1,95.0,1.0,WESTCHESTER,97.5,0.6666666666666666,424.0
660303030000,BRONXVILLE UFSD,2022,1559,4,0,8,78,7,0,8,3,0,96.0,1.0,WESTCHESTER,99.66666666666667,0.0,756.0
660401030000,UFSD-TARRYTOWNS,2022,2571,54,3,61,30,3,19,14,44,5,94.0,1.0,WESTCHESTER,,,
660402020000,IRVINGTON UFSD,2022,1722,9,4,10,70,11,1,11,7,0,94.0,1.0,WESTCHESTER,95.66666666666667,0.3333333333333333,772.0
660403030000,DOBBS FERRY UFSD,2022,1510,15,3,19,64,6,2,14,14,1,95.0,1.0,WESTCHESTER,98.0,0.3333333333333333,650.0
660404030000,HASTINGS-ON-HUDSON UFSD,2022,1601,3,2,15,70,5,2,13,2,1,95.0,1.0,WESTCHESTER,100.0,0.0,794.0
660405030000,ARDSLEY UFSD,2022,2332,10,3,14,55,21,2,13,9,0,95.0,2.0,WESTCHESTER,97.66666666666667,0.3333333333333333,1040.0
660406030000,EDGEMONT UFSD,2022,1970,0,2,9,45,36,2,13,0,0,97.0,1.0,WESTCHESTER,98.5,1.0,946.0
660407060000,GREENBURGH CSD,2022,1507,49,33,46,12,7,8,17,39,8,90.0,3.0,WESTCHESTER,90.5,4.333333333333333,718.0
660409020000,ELMSFORD UFSD,2022,945,38,21,60,8,8,15,12,35,3,92.0,3.0,WESTCHESTER,95.66666666666667,0.6666666666666666,452.0
660410020000,GREENBURGH-GRAHAM UFSD,2022,109,29,40,42,10,1,2,58,29,0,72.0,0.0,WESTCHESTER,,,10.0
660411020000,GREENBURGH ELEVEN UFSD,2022,78,86,46,46,6,0,1,73,86,0,79.0,31.0,WESTCHESTER,38.5,19.5,32.0
660412020000,GREENBURGH-NORTH CASTLE UFSD,2022,373,21,35,41,20,2,2,94,18,1,73.0,1.0,WESTCHESTER,,,2.0
660501060000,HARRISON CSD,2022,3613,18,2,20,62,13,9,16,17,1,94.0,2.0,WESTCHESTER,99.0,0.0,1610.0
660701030000,MAMARONECK UFSD,2022,5367,18,2,22,67,4,4,13,15,1,94.0,1.0,WESTCHESTER,96.33333333333333,2.3333333333333335,2396.0
660801060000,MT PLEASANT CSD,2022,1885,12,0,15,78,4,2,18,11,1,95.0,2.0,WESTCHESTER,,,
660802040000,POCANTICO HILLS CSD,2022,275,25,11,28,37,17,5,10,21,3,95.0,1.0,WESTCHESTER,,,
660803020000,HAWTHORNE-CEDAR KNOLLS UFSD,2022,115,42,46,43,7,1,3,83,40,0,65.0,0.0,WESTCHESTER,,,2.0
660804020000,MT PLEASANT-COTTAGE UFSD,2022,203,95,61,27,8,1,1,81,95,0,63.0,15.0,WESTCHESTER,,,
660805030000,VALHALLA UFSD,2022,1357,19,6,29,53,6,6,11,14,1,95.0,3.0,WESTCHESTER,99.66666666666667,0.3333333333333333,624.0
660806020000,MT PLEASANT-BLYTHEDALE UFSD,2022,119,0,23,40,31,5,0,100,0,0,82.0,0.0,WESTCHESTER,,,
660809030000,PLEASANTVILLE UFSD,2022,1605,14,2,15,73,6,3,21,13,0,95.0,0.0,WESTCHESTER,98.0,0.3333333333333333,814.0
660900010000,MT VERNON SCHOOL DISTRICT,2022,6667,75,64,28,5,2,8,19,74,0,6.0,0.0,WESTCHESTER,,,
661004060000,CHAPPAQUA CSD,2022,3538,6,1,7,71,15,1,11,5,0,96.0,1.0,WESTCHESTER,99.0,0.0,1698.0
661100010000,NEW ROCHELLE CITY SD,2022,9726,56,20,51,24,4,13,16,49,4,91.0,3.0,WESTCHESTER,87.66666666666667,7.0,4698.0
661201060000,BYRAM HILLS CSD,2022,2313,5,1,7,81,8,1,14,5,0,96.0,1.0,WESTCHESTER,98.66666666666667,0.6666666666666666,1046.0
661301040000,NORTH SALEM CSD,2022,1019,17,2,19,73,2,3,17,15,2,95.0,1.0,WESTCHESTER,98.66666666666667,0.6666666666666666,546.0
661401030000,OSSINING UFSD,2022,4694,58,9,65,19,4,16,13,50,3,94.0,4.0,WESTCHESTER,84.16666666666667,4.0,2374.0
661402020000,BRIARCLIFF MANOR UFSD,2022,1337,4,2,10,65,16,1,8,2,0,96.0,0.0,WESTCHESTER,99.0,0.0,798.0
661500010000,PEEKSKILL CITY SD,2022,3407,69,15,74,6,1,28,15,67,0,94.0,6.0,WESTCHESTER,83.16666666666667,7.666666666666667,1558.0
661601030000,PELHAM UFSD,2022,2793,13,5,17,63,6,1,11,10,1,95.0,1.0,WESTCHESTER,99.66666666666667,0.0,1352.0
661800010000,RYE CITY SD,2022,2913,2,1,8,78,8,2,11,1,0,95.0,1.0,WESTCHESTER,99.66666666666667,0.0,1426.0
661901030000,RYE NECK UFSD,2022,1511,16,3,21,62,8,5,10,13,2,96.0,1.0,WESTCHESTER,97.0,1.0,728.0
661904030000,PORT CHESTER-RYE UFSD,2022,4531,76,3,84,11,1,38,15,66,6,94.0,3.0,WESTCHESTER,89.66666666666667,6.0,2194.0
661905020000,BLIND BROOK-RYE UFSD,2022,1276,0,1,9,75,8,1,13,0,0,96.0,1.0,WESTCHESTER,98.66666666666667,0.0,612.0
662001030000,SCARSDALE UFSD,2022,4605,0,1,8,60,24,2,13,0,0,96.0,1.0,WESTCHESTER,99.66666666666667,0.0,2204.0
662101060000,SOMERS CSD,2022,2709,11,1,13,80,3,1,19,10,1,95.0,2.0,WESTCHESTER,98.33333333333333,1.0,1572.0
662200010000,WHITE PLAINS CITY SD,2022,6713,53,12,59,22,4,17,17,41,2,95.0,3.0,WESTCHESTER,93.33333333333333,3.0,3402.0
662300010000,YONKERS CITY SD,2022,22973,78,16,62,14,5,13,18,75,4,86.0,5.0,WESTCHESTER,91.77083333333333,2.2916666666666665,10226.0
662401060000,LAKELAND CSD,2022,5342,29,7,26,59,5,2,17,21,3,95.0,2.0,WESTCHESTER,95.66666666666667,0.8333333333333334,2814.0
662402060000,YORKTOWN CSD,2022,3392,13,3,16,72,7,3,17,12,1,95.0,2.0,WESTCHESTER,96.66666666666667,1.6666666666666667,1634.0
580404030000,NORTHPORT-EAST NORTHPORT UFSD,2023,4528,15,1,15,77,3,3,20,14,1,94.0,1.0,SUFFOLK,97.16666666666667,1.6666666666666667,2672.0
580405060000,HALF HOLLOW HILLS CSD,2023,7221,25,13,15,47,20,3,22,20,2,94.0,1.0,SUFFOLK,95.83333333333333,0.6666666666666666,3968.0
580406060000,HARBORFIELDS CSD,2023,2763,17,4,17,69,6,4,17,13,1,94.0,1.0,SUFFOLK,99.66666666666667,0.0,1370.0
580410030000,COMMACK UFSD,2023,5550,16,2,13,70,12,2,19,13,1,95.0,1.0,SUFFOLK,98.16666666666667,1.0,3034.0
580413030000,SOUTH HUNTINGTON UFSD,2023,5736,60,7,51,33,6,21,17,47,6,93.0,3.0,SUFFOLK,93.33333333333333,3.3333333333333335,2916.0
580501030000,BAY SHORE UFSD,2023,5608,59,16,50,25,5,14,17,48,5,94.0,6.0,SUFFOLK,92.0,4.0,2866.0
580502020000,ISLIP UFSD,2023,2644,41,6,36,49,5,8,17,32,4,93.0,3.0,SUFFOLK,96.33333333333333,2.3333333333333335,1390.0
580503030000,EAST ISLIP UFSD,2023,3412,28,3,23,68,3,2,19,21,3,93.0,1.0,SUFFOLK,96.0,2.3333333333333335,1694.0
580504030000,SAYVILLE UFSD,2023,2607,13,1,8,86,2,0,15,12,0,95.0,1.0,SUFFOLK,98.66666666666667,0.0,1382.0
580505020000,BAYPORT-BLUE POINT UFSD,2023,1840,15,2,9,85,2,1,19,14,1,94.0,1.0,SUFFOLK,99.0,0.3333333333333333,1056.0
580506030000,HAUPPAUGE UFSD,2023,3165,19,3,18,66,9,3,17,16,1,94.0,4.0,SUFFOLK,97.33333333333333,1.3333333333333333,1724.0
580507060000,CONNETQUOT CSD,2023,5288,31,3,21,67,7,4,18,25,4,94.0,3.0,SUFFOLK,96.33333333333333,1.6666666666666667,2604.0
580509030000,WEST ISLIP UFSD,2023,3712,18,1,13,82,2,1,17,14,2,95.0,2.0,SUFFOLK,99.33333333333333,0.3333333333333333,1944.0
580512030000,BRENTWOOD UFSD,2023,17809,88,7,87,2,2,36,15,79,5,93.0,5.0,SUFFOLK,83.66666666666667,7.333333333333333,8370.0
580513030000,CENTRAL ISLIP UFSD,2023,7547,81,14,81,2,1,34,13,75,6,89.0,8.0,SUFFOLK,78.83333333333333,9.666666666666666,3482.0
580514020000,FIRE ISLAND UFSD,2023,34,0,6,12,82,0,3,15,0,0,96.0,0.0,SUFFOLK,,,
580601040000,SHOREHAM-WADING RIVER CSD,2023,1993,6,1,11,83,2,1,17,3,1,95.0,2.0,SUFFOLK,98.66666666666667,0.6666666666666666,1094.0
580602040000,RIVERHEAD CSD,2023,5480,62,8,63,26,1,37,17,49,1,92.0,5.0,SUFFOLK,83.33333333333333,12.333333333333334,2906.0
580603020000,LITTLE FLOWER UFSD,2023,101,23,31,28,36,0,2,100,17,1,84.0,3.0,SUFFOLK,,,8.0
580701020000,SHELTER ISLAND UFSD,2023,158,37,1,27,68,1,8,14,33,3,93.0,1.0,SUFFOLK,91.33333333333333,8.666666666666666,88.0
580801060000,SMITHTOWN CSD,2023,7809,13,2,12,77,7,2,19,11,1,93.0,1.0,SUFFOLK,98.5,0.5,4352.0
580805060000,KINGS PARK CSD,2023,2612,16,1,13,80,4,2,16,13,1,94.0,2.0,SUFFOLK,97.0,0.6666666666666666,1434.0
580901020000,REMSENBURG-SPEONK UFSD,2023,122,36,2,25,66,1,13,21,36,0,93.0,2.0,SUFFOLK,,,
580902020000,WESTHAMPTON BEACH UFSD,2023,1754,30,1,33,61,2,10,13,25,3,96.0,0.0,SUFFOLK,94.16666666666667,3.6666666666666665,1480.0
580903020000,QUOGUE UFSD,2023,76,4,1,13,84,1,5,13,4,0,93.0,1.0,SUFFOLK,,,
580905020000,HAMPTON BAYS UFSD,2023,2035,69,1,65,33,1,31,14,51,6,93.0,3.0,SUFFOLK,94.0,4.0,1168.0
580906030000,SOUTHAMPTON UFSD,2023,1280,48,1,49,40,1,23,17,45,3,94.0,1.0,SUFFOLK,91.33333333333333,2.6666666666666665,938.0
580909020000,BRIDGEHAMPTON UFSD,2023,179,50,15,58,22,1,23,23,50,0,91.0,7.0,SUFFOLK,92.66666666666667,5.333333333333333,80.0
580910080000,SAGAPONACK COMN SD,2023,5,0,40,0,40,0,0,20,0,0,96.0,0.0,SUFFOLK,,,
580912060000,EASTPORT-SOUTH MANOR CSD,2023,2769,21,1,14,81,1,4,17,18,1,93.0,0.0,SUFFOLK,95.66666666666667,3.0,1722.0
580913080000,TUCKAHOE COMMON SD,2023,229,59,3,57,24,1,38,14,53,4,93.0,1.0,SUFFOLK,,,
580917020000,EAST QUOGUE UFSD,2023,355,32,1,28,67,2,18,12,31,0,94.0,0.0,SUFFOLK,,,
581002020000,OYSTERPONDS UFSD,2023,70,0,1,26,67,1,14,9,0,0,91.0,0.0,SUFFOLK,,,
581004020000,FISHERS ISLAND UFSD,2023,54,0,4,9,78,0,0,13,0,0,95.0,7.0,SUFFOLK,72.66666666666667,0.0,36.0
581005020000,SOUTHOLD UFSD,2023,698,41,1,34,62,1,15,16,35,3,93.0,2.0,SUFFOLK,88.33333333333333,6.0,438.0
581010020000,GREENPORT UFSD,2023,655,73,6,62,25,0,22,13,61,5,91.0,4.0,SUFFOLK,78.33333333333333,15.0,338.0
581012020000,MATTITUCK-CUTCHOGUE UFSD,2023,1000,31,2,24,74,1,11,18,30,1,93.0,3.0,SUFFOLK,91.16666666666667,4.0,630.0
581015080000,NEW SUFFOLK COMN SD,2023,6,0,0,17,83,0,0,0,0,0,96.0,0.0,SUFFOLK,,,
660101030000,KATONAH-LEWISBORO UFSD,2023,2816,8,1,12,76,4,2,16,8,0,94.0,1.0,WESTCHESTER,97.66666666666667,0.6666666666666666,1454.0
660102060000,BEDFORD CSD,2023,3563,37,3,41,49,3,18,16,26,9,95.0,2.0,WESTCHESTER,90.0,7.0,1920.0
660202030000,CROTON-HARMON UFSD,2023,1525,13,1,18,70,6,2,14,10,0,95.0,0.0,WESTCHESTER,97.33333333333333,1.0,702.0
660203060000,HENDRICK HUDSON CSD,2023,2191,32,6,33,51,3,4,19,27,4,94.0,3.0,WESTCHESTER,94.5,1.6666666666666667,1098.0
660301030000,EASTCHESTER UFSD,2023,3033,2,2,14,65,15,5,16,2,0,94.0,1.0,WESTCHESTER,97.33333333333333,0.0,1508.0
660302030000,TUCKAHOE UFSD,2023,1098,21,9,17,65,5,5,16,18,1,95.0,1.0,WESTCHESTER,97.5,0.6666666666666666,424.0
660303030000,BRONXVILLE UFSD,2023,1566,4,0,9,76,7,0,9,3,0,96.0,1.0,WESTCHESTER,99.66666666666667,0.0,756.0
660401030000,UFSD-TARRYTOWNS,2023,2595,54,3,60,30,3,19,14,47,4,94.0,2.0,WESTCHESTER,,,
660402020000,IRVINGTON UFSD,2023,1753,10,4,12,69,10,2,10,7,1,95.0,0.0,WESTCHESTER,95.66666666666667,0.3333333333333333,772.0
660403030000,DOBBS FERRY UFSD,2023,1514,17,3,20,63,6,2,14,15,1,94.0,2.0,WESTCHESTER,98.0,0.3333333333333333,650.0
660404030000,HASTINGS-ON-HUDSON UFSD,2023,1611,3,2,15,70,5,2,14,2,1,95.0,0.0,WESTCHESTER,100.0,0.0,794.0
660405030000,ARDSLEY UFSD,2023,2300,11,3,15,54,21,2,13,10,1,95.0,2.0,WESTCHESTER,97.66666666666667,0.3333333333333333,1040.0
660406030000,EDGEMONT UFSD,2023,1930,0,2,9,43,37,2,13,0,0,95.0,0.0,WESTCHESTER,98.5,1.0,946.0
660407060000,GREENBURGH CSD,2023,1526,58,31,48,11,6,9,17,50,7,92.0,5.0,WESTCHESTER,90.5,4.333333333333333,718.0
660409020000,ELMSFORD UFSD,2023,1002,62,22,62,7,7,16,13,48,3,93.0,5.0,WESTCHESTER,95.66666666666667,0.6666666666666666,452.0
660410020000,GREENBURGH-GRAHAM UFSD,2023,248,21,38,49,8,0,2,98,18,1,69.0,0.0,WESTCHESTER,,,10.0
660411020000,GREENBURGH ELEVEN UFSD,2023,101,65,49,41,5,3,4,86,64,0,83.0,23.0,WESTCHESTER,38.5,19.5,32.0
660412020000,GREENBURGH-NORTH CASTLE UFSD,2023,430,21,35,45,15,2,1,99,16,0,74.0,0.0,WESTCHESTER,,,2.0
660501060000,HARRISON CSD,2023,3624,20,2,21,59,14,10,17,17,2,94.0,1.0,WESTCHESTER,99.0,0.0,1610.0
660701030000,MAMARONECK UFSD,2023,5424,22,2,23,66,3,5,12,19,1,94.0,1.0,WESTCHESTER,96.33333333333333,2.3333333333333335,2396.0
660801060000,MT PLEASANT CSD,2023,1918,14,1,16,77,5,3,18,12,1,94.0,2.0,WESTCHESTER,,,
660802040000,POCANTICO HILLS CSD,2023,274,23,9,28,37,18,5,9,21,1,95.0,0.0,WESTCHESTER,,,
660803020000,HAWTHORNE-CEDAR KNOLLS UFSD,2023,167,35,48,40,7,2,2,96,31,1,64.0,0.0,WESTCHESTER,,,2.0
660804020000,MT PLEASANT-COTTAGE UFSD,2023,219,90,55,32,9,0,2,88,89,0,66.0,22.0,WESTCHESTER,,,
660805030000,VALHALLA UFSD,2023,1357,23,6,31,52,6,6,11,20,1,95.0,2.0,WESTCHESTER,99.66666666666667,0.3333333333333333,624.0
660806020000,MT PLEASANT-BLYTHEDALE UFSD,2023,120,0,23,42,29,6,0,100,0,0,82.0,0.0,WESTCHESTER,,,
660809030000,PLEASANTVILLE UFSD,2023,1629,15,2,17,70,6,3,20,14,1,95.0,1.0,WESTCHESTER,98.0,0.3333333333333333,814.0
660900010000,MT VERNON SCHOOL DISTRICT,2023,6657,70,63,29,5,2,8,19,70,0,91.0,6.0,WESTCHESTER,,,
661004060000,CHAPPAQUA CSD,2023,3545,6,1,8,70,16,1,11,5,0,96.0,2.0,WESTCHESTER,99.0,0.0,1698.0
661100010000,NEW ROCHELLE CITY SD,2023,9712,58,19,52,23,4,13,17,53,3,90.0,3.0,WESTCHESTER,87.66666666666667,7.0,4698.0
661201060000,BYRAM HILLS CSD,2023,2299,5,1,7,80,8,1,13,5,0,96.0,1.0,WESTCHESTER,98.66666666666667,0.6666666666666666,1046.0
661301040000,NORTH SALEM CSD,2023,985,20,2,20,73,2,4,18,17,1,94.0,2.0,WESTCHESTER,98.66666666666667,0.6666666666666666,546.0
661401030000,OSSINING UFSD,2023,4660,57,9,66,18,3,18,13,47,4,95.0,5.0,WESTCHESTER,84.16666666666667,4.0,2374.0
661402020000,BRIARCLIFF MANOR UFSD,2023,1346,4,2,11,64,16,1,8,3,0,95.0,0.0,WESTCHESTER,99.0,0.0,798.0
661500010000,PEEKSKILL CITY SD,2023,3434,64,15,74,6,1,29,14,58,0,94.0,5.0,WESTCHESTER,83.16666666666667,7.666666666666667,1558.0
661601030000,PELHAM UFSD,2023,2756,13,5,16,64,6,1,11,11,0,95.0,2.0,WESTCHESTER,99.66666666666667,0.0,1352.0
661800010000,RYE CITY SD,2023,2852,2,1,8,78,8,3,11,1,1,95.0,1.0,WESTCHESTER,99.66666666666667,0.0,1426.0
661901030000,RYE NECK UFSD,2023,1532,16,2,22,61,9,6,10,14,1,95.0,2.0,WESTCHESTER,97.0,1.0,728.0
661904030000,PORT CHESTER-RYE UFSD,2023,4486,79,3,85,10,1,38,16,66,7,92.0,4.0,WESTCHESTER,89.66666666666667,6.0,2194.0
661905020000,BLIND BROOK-RYE UFSD,2023,1289,0,1,9,74,8,1,13,0,0,96.0,1.0,WESTCHESTER,98.66666666666667,0.0,612.0
662001030000,SCARSDALE UFSD,2023,4676,0,1,8,58,25,2,14,0,0,95.0,0.0,WESTCHESTER,99.66666666666667,0.0,2204.0
662101060000,SOMERS CSD,2023,2600,10,1,14,79,4,1,20,9,1,95.0,2.0,WESTCHESTER,98.33333333333333,1.0,1572.0
662200010000,WHITE PLAINS CITY SD,2023,6649,56,11,59,22,4,18,17,48,3,96.0,2.0,WESTCHESTER,93.33333333333333,3.0,3402.0
662300010000,YONKERS CITY SD,2023,22852,77,16,62,14,5,13,21,73,4,87.0,4.0,WESTCHESTER,91.77083333333333,2.2916666666666665,10226.0
662401060000,LAKELAND CSD,2023,5303,33,7,29,56,5,2,17,23,4,95.0,2.0,WESTCHESTER,95.66666666666667,0.8333333333333334,2814.0
662402060000,YORKTOWN CSD,2023,3426,14,3,15,73,7,2,18,11,1,95.0,1.0,WESTCHESTER,96.66666666666667,1.6666666666666667,1634.0
580509030000,WEST ISLIP UFSD,2024,3707,18,1,14,80,2,1,18,15,2,95.0,1.0,SUFFOLK,99.33333333333333,0.3333333333333333,1944.0
580512030000,BRENTWOOD UFSD,2024,17902,87,7,87,3,2,37,16,79,3,93.0,5.0,SUFFOLK,83.66666666666667,7.333333333333333,8370.0
580513030000,CENTRAL ISLIP UFSD,2024,7569,72,14,81,2,1,34,15,69,4,88.0,7.0,SUFFOLK,78.83333333333333,9.666666666666666,3482.0
580514020000,FIRE ISLAND UFSD,2024,36,0,6,11,83,0,3,8,0,0,94.0,0.0,SUFFOLK,,,
580601040000,SHOREHAM-WADING RIVER CSD,2024,1960,6,1,14,80,2,1,18,4,2,96.0,1.0,SUFFOLK,98.66666666666667,0.6666666666666666,1094.0
580602040000,RIVERHEAD CSD,2024,5434,60,7,64,25,1,38,19,48,0,92.0,5.0,SUFFOLK,83.33333333333333,12.333333333333334,2906.0
580603020000,LITTLE FLOWER UFSD,2024,104,15,31,32,32,0,2,97,12,0,79.0,2.0,SUFFOLK,,,8.0
580701020000,SHELTER ISLAND UFSD,2024,172,39,1,30,63,2,13,13,35,1,93.0,1.0,SUFFOLK,91.33333333333333,8.666666666666666,88.0
580801060000,SMITHTOWN CSD,2024,7607,14,2,13,76,7,2,20,12,1,93.0,1.0,SUFFOLK,98.5,0.5,4352.0
580805060000,KINGS PARK CSD,2024,2619,15,1,14,79,4,2,17,14,1,94.0,1.0,SUFFOLK,97.0,0.6666666666666666,1434.0
580901020000,REMSENBURG-SPEONK UFSD,2024,133,33,1,26,67,0,16,22,32,0,94.0,1.0,SUFFOLK,,,
580902020000,WESTHAMPTON BEACH UFSD,2024,1726,25,1,33,60,2,9,13,22,3,95.0,0.0,SUFFOLK,94.16666666666667,3.6666666666666665,1480.0
580903020000,QUOGUE UFSD,2024,75,0,0,13,85,0,4,11,0,0,93.0,0.0,SUFFOLK,,,
580905020000,HAMPTON BAYS UFSD,2024,1993,68,0,66,32,1,33,14,57,6,94.0,2.0,SUFFOLK,94.0,4.0,1168.0
580906030000,SOUTHAMPTON UFSD,2024,1267,53,1,51,37,1,25,18,49,2,94.0,1.0,SUFFOLK,91.33333333333333,2.6666666666666665,938.0
580909020000,BRIDGEHAMPTON UFSD,2024,182,49,14,57,24,1,23,24,49,0,92.0,1.0,SUFFOLK,92.66666666666667,5.333333333333333,80.0
580910080000,SAGAPONACK COMN SD,2024,10,0,20,0,70,0,0,10,0,0,91.0,0.0,SUFFOLK,,,
580912060000,EASTPORT-SOUTH MANOR CSD,2024,2752,26,2,17,78,1,5,18,23,1,93.0,2.0,SUFFOLK,95.66666666666667,3.0,1722.0
580913080000,TUCKAHOE COMMON SD,2024,229,59,2,55,24,1,32,15,55,4,94.0,0.0,SUFFOLK,,,
580917020000,EAST QUOGUE UFSD,2024,367,28,0,32,63,1,21,13,26,0,94.0,1.0,SUFFOLK,,,
581002020000,OYSTERPONDS UFSD,2024,68,0,3,26,66,0,18,7,0,0,93.0,3.0,SUFFOLK,,,
581004020000,FISHERS ISLAND UFSD,2024,56,0,4,11,75,0,0,25,0,0,94.0,4.0,SUFFOLK,72.66666666666667,0.0,36.0
581005020000,SOUTHOLD UFSD,2024,671,44,1,36,61,1,15,17,38,3,93.0,2.0,SUFFOLK,88.33333333333333,6.0,438.0
581010020000,GREENPORT UFSD,2024,637,65,5,64,25,0,23,14,60,5,93.0,3.0,SUFFOLK,78.33333333333333,15.0,338.0
581012020000,MATTITUCK-CUTCHOGUE UFSD,2024,972,33,1,27,71,1,12,19,30,0,94.0,2.0,SUFFOLK,91.16666666666667,4.0,630.0
581015080000,NEW SUFFOLK COMN SD,2024,7,0,0,29,71,0,0,0,0,0,96.0,0.0,SUFFOLK,,,
660101030000,KATONAH-LEWISBORO UFSD,2024,2787,8,1,12,76,3,2,16,7,0,95.0,1.0,WESTCHESTER,97.66666666666667,0.6666666666666666,1454.0
660102060000,BEDFORD CSD,2024,3498,39,3,41,50,3,18,17,25,7,95.0,2.0,WESTCHESTER,90.0,7.0,1920.0
660202030000,CROTON-HARMON UFSD,2024,1570,15,1,19,69,6,3,16,12,2,95.0,0.0,WESTCHESTER,97.33333333333333,1.0,702.0
660203060000,HENDRICK HUDSON CSD,2024,2193,36,6,37,48,4,5,19,28,4,95.0,3.0,WESTCHESTER,94.5,1.6666666666666667,1098.0
660301030000,EASTCHESTER UFSD,2024,3025,3,2,15,65,16,6,17,2,0,95.0,1.0,WESTCHESTER,97.33333333333333,0.0,1508.0
660302030000,TUCKAHOE UFSD,2024,1087,21,9,18,63,7,5,17,18,0,95.0,2.0,WESTCHESTER,97.5,0.6666666666666666,424.0
660303030000,BRONXVILLE UFSD,2024,1553,4,0,9,76,7,1,10,3,0,96.0,1.0,WESTCHESTER,99.66666666666667,0.0,756.0
660401030000,UFSD-TARRYTOWNS,2024,2623,55,3,61,30,3,19,13,50,3,95.0,2.0,WESTCHESTER,,,
660402020000,IRVINGTON UFSD,2024,1734,9,3,12,68,10,1,13,8,0,95.0,0.0,WESTCHESTER,95.66666666666667,0.3333333333333333,772.0
660403030000,DOBBS FERRY UFSD,2024,1492,18,3,20,63,6,2,14,12,1,95.0,1.0,WESTCHESTER,98.0,0.3333333333333333,650.0
660404030000,HASTINGS-ON-HUDSON UFSD,2024,1579,4,2,14,70,5,1,13,2,1,95.0,0.0,WESTCHESTER,100.0,0.0,794.0
660405030000,ARDSLEY UFSD,2024,2323,14,3,15,53,21,2,14,12,1,95.0,1.0,WESTCHESTER,97.66666666666667,0.3333333333333333,1040.0
660406030000,EDGEMONT UFSD,2024,1848,0,2,10,42,37,2,13,0,0,96.0,2.0,WESTCHESTER,98.5,1.0,946.0
660407060000,GREENBURGH CSD,2024,1570,53,30,49,12,6,10,19,42,5,93.0,4.0,WESTCHESTER,90.5,4.333333333333333,718.0
660409020000,ELMSFORD UFSD,2024,1016,49,22,64,6,7,15,13,46,3,93.0,5.0,WESTCHESTER,95.66666666666667,0.6666666666666666,452.0
660410020000,GREENBURGH-GRAHAM UFSD,2024,230,29,37,50,8,1,3,98,23,2,65.0,0.0,WESTCHESTER,,,10.0
660411020000,GREENBURGH ELEVEN UFSD,2024,111,71,42,47,9,1,5,90,66,1,88.0,16.0,WESTCHESTER,38.5,19.5,32.0
660412020000,GREENBURGH-NORTH CASTLE UFSD,2024,439,23,35,44,15,2,1,99,17,0,76.0,0.0,WESTCHESTER,,,2.0
660501060000,HARRISON CSD,2024,3741,21,3,21,59,14,10,17,18,2,94.0,1.0,WESTCHESTER,99.0,0.0,1610.0
660701030000,MAMARONECK UFSD,2024,5513,21,2,23,65,3,6,13,19,1,95.0,0.0,WESTCHESTER,96.33333333333333,2.3333333333333335,2396.0
660801060000,MT PLEASANT CSD,2024,1936,14,1,16,75,6,3,19,11,2,94.0,2.0,WESTCHESTER,,,
660802040000,POCANTICO HILLS CSD,2024,299,16,9,30,37,16,6,10,15,1,95.0,5.0,WESTCHESTER,,,
660803020000,HAWTHORNE-CEDAR KNOLLS UFSD,2024,182,32,43,41,9,2,2,98,26,1,69.0,0.0,WESTCHESTER,,,2.0
660804020000,MT PLEASANT-COTTAGE UFSD,2024,192,87,54,31,11,1,2,91,86,0,62.0,9.0,WESTCHESTER,,,
660805030000,VALHALLA UFSD,2024,1411,25,6,32,50,7,6,10,19,3,95.0,2.0,WESTCHESTER,99.66666666666667,0.3333333333333333,624.0
660806020000,MT PLEASANT-BLYTHEDALE UFSD,2024,124,0,22,44,30,5,0,100,0,0,85.0,0.0,WESTCHESTER,,,
660809030000,PLEASANTVILLE UFSD,2024,1628,16,2,18,70,5,4,20,15,1,95.0,1.0,WESTCHESTER,98.0,0.3333333333333333,814.0
660900010000,MT VERNON SCHOOL DISTRICT,2024,6454,73,62,30,5,2,8,20,73,0,92.0,8.0,WESTCHESTER,,,
661004060000,CHAPPAQUA CSD,2024,3548,6,1,8,69,16,1,12,5,0,96.0,2.0,WESTCHESTER,99.0,0.0,1698.0
661100010000,NEW ROCHELLE CITY SD,2024,9648,60,19,53,22,4,12,18,53,2,91.0,3.0,WESTCHESTER,87.66666666666667,7.0,4698.0
661201060000,BYRAM HILLS CSD,2024,2341,5,1,7,80,7,0,13,4,0,96.0,1.0,WESTCHESTER,98.66666666666667,0.6666666666666666,1046.0
661301040000,NORTH SALEM CSD,2024,963,20,2,21,72,2,3,19,17,1,94.0,1.0,WESTCHESTER,98.66666666666667,0.6666666666666666,546.0
661401030000,OSSINING UFSD,2024,4703,59,8,68,18,3,21,14,52,5,95.0,2.0,WESTCHESTER,84.16666666666667,4.0,2374.0
661402020000,BRIARCLIFF MANOR UFSD,2024,1346,3,2,12,63,16,1,8,2,0,96.0,0.0,WESTCHESTER,99.0,0.0,798.0
661500010000,PEEKSKILL CITY SD,2024,3520,61,14,76,5,1,32,15,40,0,96.0,6.0,WESTCHESTER,83.16666666666667,7.666666666666667,1558.0
661601030000,PELHAM UFSD,2024,2836,13,5,17,63,6,1,12,11,0,95.0,1.0,WESTCHESTER,99.66666666666667,0.0,1352.0
661800010000,RYE CITY SD,2024,2827,2,1,9,77,8,3,12,1,1,95.0,1.0,WESTCHESTER,99.66666666666667,0.0,1426.0
661901030000,RYE NECK UFSD,2024,1482,17,2,22,59,9,7,11,15,1,96.0,1.0,WESTCHESTER,97.0,1.0,728.0
661904030000,PORT CHESTER-RYE UFSD,2024,4447,79,3,85,10,1,39,16,71,7,93.0,3.0,WESTCHESTER,89.66666666666667,6.0,2194.0
661905020000,BLIND BROOK-RYE UFSD,2024,1296,0,1,10,73,9,1,14,0,0,96.0,0.0,WESTCHESTER,98.66666666666667,0.0,612.0
662001030000,SCARSDALE UFSD,2024,4702,0,1,9,57,25,2,14,0,0,94.0,0.0,WESTCHESTER,99.66666666666667,0.0,2204.0
662101060000,SOMERS CSD,2024,2523,13,1,15,77,3,2,20,11,1,95.0,1.0,WESTCHESTER,98.33333333333333,1.0,1572.0
662200010000,WHITE PLAINS CITY SD,2024,6742,56,11,59,21,4,19,17,49,3,96.0,2.0,WESTCHESTER,93.33333333333333,3.0,3402.0
662300010000,YONKERS CITY SD,2024,22701,75,16,62,14,5,14,20,70,5,88.0,4.0,WESTCHESTER,91.77083333333333,2.2916666666666665,10226.0
662401060000,LAKELAND CSD,2024,5319,32,7,31,53,5,3,17,25,4,95.0,2.0,WESTCHESTER,95.66666666666667,0.8333333333333334,2814.0
662402060000,YORKTOWN CSD,2024,3412,15,3,16,72,7,2,18,12,0,95.0,2.0,WESTCHESTER,96.66666666666667,1.6666666666666667,1634.0
